n_trades,mean_ret_1d,mean_ret_5d,hit_1d,hit_5d
4089,0.00020032539586686883,-0.002687420208049664,0.5086818292981169,0.516507703595011
