dataset,rule,n_trades,mean_ret_1d,mean_ret_5d,hit_1d,hit_5d
train,filtered_champion,215,0.0009620021449730207,0.00529373918891577,0.5488372093023256,0.6139534883720931
test,filtered_champion,92,0.0039039585500215534,0.0217883861398593,0.5543478260869565,0.6739130434782609
